{
    "revenue_analytic": {
        "nearest_revenues": [
            10472518.183657587,
            10472518.183657587,
            10472518.183657587,
            6659997.343190661,
            812000.0,
            976400.0,
            550800.0,
            74000.0,
            2597400.0,
            8721141.422568092,
            678400.0,
            1618000.0,
            185440.0,
            63040.0,
            4252.0,
            1246.0,
            7080.0,
            783600.0,
            76000.0,
            22920.0,
            646800.0,
            648.0,
            14071800.0,
            33800.0,
            5242216.155642023,
            2501966.80155642,
            2501966.80155642,
            4920534.709727626,
            15800.0,
            12469600.0,
            65400000.0,
            111600.0,
            12840.0,
            12748116.560311284,
            4194.0,
            2040.0,
            5170.0,
            317760.0,
            67600.0,
            1920.0,
            492.0,
            5620.0,
            1385400.0,
            1582400.0,
            18228615.268482488,
            635800.0,
            789600.0,
            76000.0,
            6320.0,
            78120.0,
            240800.0,
            17883105.567315172,
            12460.0,
            6210400.0,
            9800.0,
            1029800.0,
            77560.0,
            13400.0,
            60800.0,
            32160.0,
            137600.0,
            84800.0,
            84800.0,
            2200.0,
            45680.0,
            1150800.0,
            1150400.0,
            5369600.0,
            39480.0,
            43480.0,
            477600.0,
            2507400.0,
            400.0,
            106320.0,
            55600.0,
            149800.0,
            8084200.0,
            18895600.0,
            3957400.0,
            117280.0,
            1164.0,
            40240.0,
            2400.0,
            97800.0,
            155880.0,
            124460.0,
            2102400.0,
            1190.0,
            100800.0,
            851200.0,
            380.0,
            23232548.87159533,
            129000000.0,
            603600.0,
            6317600.0,
            114000.0,
            26211080.778210115,
            14296953.151750972,
            550000.0,
            254400.0
        ],
        "our_revenue": 0,
        "comment": "Ваша выручка по продукту выше чем у 100.0 похожих товаров. Поздравляем! Это крутой результат!"
    },
    "price_analytic": {
        "comment": "Выша цена: 2590.0. Средняя цена в среди похожих товаров: 957.02; Цена у товаров с наибольшей выручкой: 1458.8",
        "personal_comment": "Возможно, Вам стоит понизить цену или усилить маркетинговую часть, чтобы донести клиентам ценность продукта. Мы поможем Вам это сделать с помощью AI технологий",
        "nearest_prices": [
            879.0,
            879.0,
            879.0,
            559.0,
            2030.0,
            2441.0,
            162.0,
            185.0,
            999.0,
            732.0,
            3392.0,
            4045.0,
            1159.0,
            788.0,
            2126.0,
            623.0,
            354.0,
            1959.0,
            475.0,
            382.0,
            1617.0,
            324.0,
            499.0,
            169.0,
            440.0,
            210.0,
            210.0,
            413.0,
            790.0,
            1199.0,
            327.0,
            186.0,
            107.0,
            1070.0,
            2097.0,
            102.0,
            517.0,
            1986.0,
            338.0,
            192.0,
            246.0,
            281.0,
            2309.0,
            344.0,
            1530.0,
            289.0,
            329.0,
            190.0,
            158.0,
            1302.0,
            602.0,
            1501.0,
            623.0,
            15526.0,
            490.0,
            271.0,
            554.0,
            670.0,
            380.0,
            201.0,
            688.0,
            106.0,
            106.0,
            220.0,
            571.0,
            959.0,
            719.0,
            839.0,
            987.0,
            1087.0,
            199.0,
            597.0,
            200.0,
            1329.0,
            139.0,
            749.0,
            487.0,
            487.0,
            421.0,
            733.0,
            582.0,
            1006.0,
            1200.0,
            1630.0,
            1299.0,
            889.0,
            2628.0,
            595.0,
            504.0,
            532.0,
            190.0,
            1950.0,
            645.0,
            503.0,
            212.0,
            190.0,
            2200.0,
            1200.0,
            275.0,
            212.0
        ],
        "our_price": "2590"
    },
    "rating_analytic": {
        "comment": "Ваш рейтинг по карточке выше чем у 80.0 похожих товаров. Это высокий показатель, чтобы преобразовать его в высокую выручку рассмотрите возможность запустить рекламу на маркетплейсе и других популярных платформах",
        "nearest_ratings": [
            4.9,
            4.9,
            4.9,
            4.9,
            4.9,
            5.0,
            4.4,
            4.8,
            4.3,
            4.1,
            4.8,
            4.5,
            5.0,
            4.8,
            4.1,
            1.0,
            4.6,
            4.5,
            3.9,
            4.0,
            4.3,
            4.6,
            4.7,
            2.6,
            4.2,
            4.9,
            4.9,
            4.1,
            4.9,
            4.7,
            4.9,
            4.3,
            3.9,
            4.0,
            3.0,
            5.0,
            4.5,
            4.5,
            4.9,
            5.0,
            1.0,
            5.0,
            4.7,
            4.9,
            3.9,
            4.6,
            4.9,
            4.8,
            4.5,
            4.3,
            4.6,
            5.0,
            5.0,
            4.9,
            4.7,
            4.1,
            4.1,
            4.5,
            5.0,
            4.3,
            5.0,
            4.4,
            4.4,
            4.2,
            5.0,
            4.6,
            4.4,
            4.7,
            4.8,
            4.8,
            4.9,
            4.6,
            4.9,
            4.6,
            4.7,
            4.6,
            4.6,
            4.6,
            4.6,
            5.0,
            4.4,
            4.6,
            4.6,
            4.3,
            4.5,
            4.4,
            4.6,
            2.4,
            5.0,
            4.7,
            5.0,
            4.3,
            4.7,
            4.9,
            4.9,
            3.2,
            4.5,
            3.6,
            4.5,
            4.0
        ],
        "our_rating": 4.2
    }
}